{"cameraMode":{"drawMode":0,"name":"Shaded","section":"Shading Mode"},"sceneLighting":true,"audioPlay":false,"sceneViewState":{"showFog":true,"showMaterialUpdate":false,"showSkybox":true,"showFlares":true,"showImageEffects":true,"showParticleSystems":true},"in2DMode":false,"pivot":{"x":-17.233930587768556,"y":-64.6561508178711,"z":170.09078979492188},"rotation":{"x":-0.22881101071834565,"y":0.060404352843761447,"z":-0.014226783998310566,"w":-0.9714913368225098},"size":326.28228759765627,"orthographic":false}